state,city_or_county,deaths
Tennessee,Memphis,12
Illinois,Chicago,9
Kentucky,Louisville,5
Pennsylvania,Philadelphia,5
Texas,Dallas,5
Texas,Houston,5
Georgia,Atlanta,4
Pennsylvania,Pittsburgh,4
Virginia,Richmond,4
North Carolina,Charlotte,3
Ohio,Columbus,3
Tennessee,Nashville,3
Wisconsin,Milwaukee,3
Alabama,Montgomery,2
Colorado,Aurora,2
Florida,Miami,2
Florida,Saint Petersburg,2
Georgia,Augusta,2
Indiana,East Chicago,2
Indiana,Indianapolis,2
Louisiana,New Orleans,2
Louisiana,Shreveport,2
Maryland,Baltimore,2
Minnesota,Minneapolis,2
Mississippi,Canton,2
Mississippi,Saucier,2
Missouri,Saint Louis,2
Missouri,Saint Louis (Berkeley),2
Nevada,Las Vegas,2
Ohio,Lima,2
South Carolina,Columbia,2
South Carolina,Scranton,2
South Carolina,Walterboro,2
Texas,Arlington,2
Texas,El Paso,2
Texas,Lubbock,2
Alabama,Athens,1
Alabama,Birmingham (Homewood),1
Alabama,Greensboro,1
Alabama,Monroeville,1
Alabama,Opp,1
Alabama,Orrville,1
Alabama,Pinson,1
Alabama,Tuskegee,1
Arkansas,Beebe,1
Arkansas,Helena,1
Arkansas,Hot Springs National Park (Hot Springs),1
Arkansas,Lamar,1
Arkansas,Lutherville,1
California,Compton,1
California,San Francisco,1
Colorado,Commerce City,1
Colorado,Grand Junction (Fruitvale),1
Connecticut,Hartford,1
Connecticut,New Haven,1
Florida,Clewiston,1
Florida,Cocoa,1
Florida,Daytona Beach,1
Florida,Fort Lauderdale,1
Florida,Fort Lauderdale (Lauderhill),1
Florida,Fountain,1
Florida,Jacksonville,1
Florida,Marianna,1
Florida,Palm Coast,1
Florida,Pensacola,1
Florida,Tampa,1
Georgia,Columbus,1
Georgia,Conley,1
Georgia,Decatur,1
Georgia,Griffin,1
Georgia,Guyton,1
Georgia,Harlem,1
Georgia,Jasper (county),1
Georgia,Nashville,1
Georgia,Waycross,1
Hawaii,Hawi,1
Idaho,Castleford,1
Idaho,Montpelier,1
Idaho,Peck,1
Illinois,Belleville,1
Illinois,Decatur,1
Illinois,Matteson,1
Indiana,Bloomington,1
Indiana,Evansville,1
Indiana,Fort Wayne,1
Indiana,Hammond,1
Indiana,Hobart,1
Indiana,Mishawaka,1
Indiana,Salem,1
Indiana,South Bend,1
Iowa,Coralville,1
Iowa,Garner,1
Iowa,Oskaloosa,1
Kansas,Junction City,1
Kansas,Kansas City,1
Kansas,Lawrence,1
Kentucky,Redfox,1
Kentucky,Shelbyville,1
Louisiana,Baton Rouge,1
Louisiana,Carencro,1
Louisiana,Chalmette,1
Louisiana,Jeanerette,1
Louisiana,Lake Providence,1
Louisiana,Marrero,1
Louisiana,Saint Rose,1
Maryland,Columbia,1
Michigan,Algonac (Clay Township),1
Michigan,Canton,1
Michigan,Detroit,1
Michigan,Kalamazoo,1
Michigan,Warren,1
Minnesota,Minneapolis (Brooklyn Park),1
Minnesota,Saint Cloud,1
Mississippi,Belzoni,1
Mississippi,Gulfport,1
Mississippi,Jackson,1
Mississippi,Macon,1
Mississippi,Monticello,1
Mississippi,Ovett,1
Mississippi,Senatobia,1
Missouri,Carthage,1
Missouri,Florissant,1
Missouri,Kansas City,1
Missouri,Miller,1
Missouri,Salem,1
Montana,Belgrade,1
Montana,Helena,1
Montana,Toston,1
Nevada,Elko,1
Nevada,Henderson,1
New Jersey,Bridgeton,1
New Jersey,Stratford,1
New Mexico,Los Lunas,1
New York,Bronx,1
New York,Rome,1
North Carolina,Burgaw,1
North Carolina,Concord,1
North Carolina,Fayetteville,1
North Carolina,Greenville,1
North Carolina,High Point,1
North Carolina,Hollister,1
North Carolina,Kannapolis,1
North Carolina,Lowgap,1
North Carolina,Troy,1
North Carolina,Winston Salem (Winston-salem),1
Ohio,Canton,1
Ohio,Cleveland,1
Ohio,Columbiana,1
Ohio,Dayton,1
Ohio,Nelsonville,1
Ohio,Republic,1
Ohio,Saint Clairsville,1
Ohio,Sandusky,1
Ohio,Wickliffe,1
Oklahoma,Bokoshe,1
Oklahoma,Clinton,1
Oklahoma,Ochelata,1
Oklahoma,Oklahoma City,1
Oklahoma,Sand Springs,1
Pennsylvania,Bally,1
Pennsylvania,Chester,1
Pennsylvania,Kingston (Edwardsville),1
Pennsylvania,Saltsburg,1
Pennsylvania,Wilkes Barre,1
South Carolina,Beaufort,1
South Carolina,Cameron,1
South Carolina,Dillon,1
South Carolina,Greenville,1
South Carolina,Hartsville,1
South Carolina,Johnsonville,1
South Carolina,North Charleston,1
South Carolina,Pickens,1
South Carolina,Springfield,1
South Carolina,Windsor,1
South Dakota,Owanka,1
Tennessee,Big Rock,1
Tennessee,Burns,1
Tennessee,Clairfield,1
Tennessee,Clarksville,1
Tennessee,Dayton,1
Tennessee,Goodlettsville,1
Tennessee,Grand Junction,1
Tennessee,Hendersonville,1
Tennessee,Jackson,1
Tennessee,Parrottsville,1
Tennessee,Rockwood,1
Tennessee,Westmoreland,1
Texas,Childress,1
Texas,Corpus Christi,1
Texas,Decatur,1
Texas,Forney,1
Texas,Granbury,1
Texas,Lufkin,1
Texas,San Antonio,1
Texas,Temple,1
Texas,Texarkana,1
Texas,Wichita Falls,1
Utah,Heber City,1
Utah,Hyrum,1
Utah,Roosevelt (Ballard),1
Virginia,Danville,1
Virginia,Hanover (Mangohick),1
Virginia,Petersburg,1
Virginia,Portsmouth,1
Virginia,Suffolk,1
Washington,Federal Way,1
Washington,Othello,1
West Virginia,Cottageville,1
West Virginia,Gallipolis Ferry,1
West Virginia,Martinsburg,1
West Virginia,Pocahontas (county),1
Wisconsin,Berlin,1
Wisconsin,Geneva,1
Wisconsin,Madison (Fitchburg),1
Wisconsin,Racine,1
