"Incident ID","Incident Date",State,"City Or County",Address,"Victims Killed","Victims Injured","Suspects Killed","Suspects Injured","Suspects Arrested",Operations
3434651,"March 22, 2026",Oklahoma,"Oklahoma City","2424 NW 39th St",1,0,0,0,1,N/A
3438829,"March 22, 2026","South Dakota",Owanka,N/A,1,0,0,0,0,N/A
3414875,"February 17, 2026",Tennessee,Clairfield,"6000 block of TN-90",1,0,0,0,0,N/A
3408730,"February 7, 2026",Indiana,Mishawaka,"300 block of S Taylor St",1,0,0,0,1,N/A
3369783,"December 5, 2025",Ohio,Columbus,"200 block of S Wheatland Ave",1,0,0,0,1,N/A
3357392,"November 14, 2025","West Virginia",Martinsburg,"Needmore Rd",1,0,0,0,0,N/A
3399227,"October 4, 2025","North Carolina",Troy,"220 W Spring St",1,0,0,0,1,N/A
3319731,"September 29, 2025",Tennessee,Burns,N/A,1,0,0,0,0,N/A
3307559,"September 13, 2025","South Carolina",Johnsonville,"904 S Midway Hwy",1,0,0,0,1,N/A
3284794,"August 8, 2025",Tennessee,Nashville,"765 McMurray Dr",1,0,0,0,0,N/A
3272087,"July 25, 2025",Texas,"San Antonio","3500 block of Bob Billa St",1,0,0,0,1,N/A
3211963,"May 16, 2025",Wisconsin,Racine,"2613 Prospect St",1,0,0,0,1,N/A
3183942,"April 13, 2025",Georgia,Atlanta,"100 Bell St SE",1,0,0,0,1,N/A
3122469,"January 23, 2025","North Carolina",Kannapolis,"450 Cabarrus Arms Dr",1,0,0,0,0,N/A
3120159,"January 20, 2025",Wisconsin,Geneva,"W3895 Lincoln Dr",1,0,0,0,1,N/A
3106711,"January 1, 2025",Florida,Miami,"NW 21st Terrace and NW 27th Ave",1,0,0,0,0,N/A
3100590,"December 22, 2024",Georgia,Columbus,"1300 block of Floyd Rd",1,0,0,0,1,N/A
3090482,"December 9, 2024",Pennsylvania,"Wilkes Barre","555 Fellows Ave",1,0,0,0,1,N/A
3084735,"November 30, 2024",Louisiana,"New Orleans","2215 Willow St",1,0,0,0,1,N/A
3075451,"November 18, 2024","South Carolina",Windsor,"300 block of Wendy Ln",1,0,0,0,0,N/A
3074698,"November 16, 2024","North Carolina",Greenville,"2060 Quail Ridge Dr",1,0,0,0,1,N/A
3060937,"October 30, 2024",Florida,Clewiston,"702 S Lopez St",1,0,0,0,0,N/A
3043165,"October 6, 2024",Oklahoma,"Sand Springs","4813 S Grenada Ave",1,0,0,0,1,N/A
3021976,"September 11, 2024",Iowa,Oskaloosa,"2600 block of 250th St",1,0,0,0,0,N/A
2989967,"August 7, 2024",Texas,Houston,"6869 Arto St",2,0,0,0,0,N/A
2984060,"July 30, 2024",Indiana,Indianapolis,"W 46th St",1,0,0,0,0,N/A
2956175,"July 1, 2024",Maryland,Columbia,"Harpers Farm Rd",1,0,0,0,0,N/A
2945800,"June 21, 2024",Ohio,Canton,"3950 Convenience Dr",1,0,0,0,1,N/A
2926936,"May 31, 2024",Wisconsin,Milwaukee,"2100 block of W Orchard St",1,0,0,0,1,N/A
2894067,"April 29, 2024",Tennessee,Clarksville,"1123 Hazel Dr",1,0,0,0,0,N/A
2891674,"April 26, 2024",Florida,"Saint Petersburg","1421 43rd St S",1,0,0,0,1,N/A
2883625,"April 17, 2024","South Carolina",Scranton,"1100 block of Clover Hill Rd",1,0,0,0,0,N/A
2844790,"March 3, 2024","South Carolina",Beaufort,"325 Ambrose Run",1,0,0,0,1,N/A
2837301,"February 23, 2024","North Carolina",Lowgap,"Old Lowgap Rd",1,0,0,0,0,N/A
2813408,"January 27, 2024",Indiana,"Fort Wayne","2900 block of Shawnee Dr",1,0,0,0,0,N/A
2808632,"January 20, 2024","South Carolina",Dillon,"Ruby Ct",1,0,0,0,0,N/A
2804368,"January 14, 2024",Tennessee,Dayton,"Upper Fine Ln",1,0,0,0,1,N/A
2800814,"January 13, 2024",Kentucky,Louisville,"800 block of S 37th St",1,0,0,0,0,N/A
2791280,"December 31, 2023",Tennessee,Memphis,"5800 block of Edgewater Cove",1,0,0,0,0,N/A
2780874,"December 17, 2023",Maryland,Baltimore,"6001 Park Heights Ave",1,0,0,0,1,N/A
2770496,"December 2, 2023",Mississippi,Ovett,"Alex Knight Rd",1,0,0,0,0,N/A
2763882,"November 24, 2023","South Carolina",Cameron,"1121 Whisperwood Rd",1,0,0,0,0,N/A
2755848,"November 14, 2023",Florida,"Fort Lauderdale (Lauderhill)","5436 NW 19th St",1,0,0,0,0,N/A
2744317,"October 28, 2023",Louisiana,Carencro,"237 Prejean Rd",1,0,0,0,0,N/A
2704428,"September 9, 2023","West Virginia","Gallipolis Ferry","Salt Creek Rd",1,0,0,0,0,N/A
2698647,"September 3, 2023",Florida,"Palm Coast","2 Ranwood Ln",1,0,0,0,1,N/A
2693375,"August 27, 2023",Tennessee,Rockwood,"100 block of Airport Rd",1,0,0,0,1,N/A
2692299,"August 8, 2023",Mississippi,Belzoni,N/A,1,0,0,0,1,N/A
2674125,"August 7, 2023",Missouri,"Saint Louis (Berkeley)","6698 Amora Ave",1,0,0,0,0,N/A
2675455,"August 7, 2023",Illinois,Belleville,"50 block of S 88th St",1,0,0,0,0,N/A
2668991,"July 31, 2023",Arkansas,Lutherville,N/A,1,1,0,0,0,N/A
2667635,"July 30, 2023",Tennessee,Nashville,"3400 block of Meadowlake Terrace",1,0,0,0,0,N/A
2664700,"July 27, 2023",Pennsylvania,Philadelphia,"1626 N 29th St",1,0,0,0,0,N/A
2646965,"July 7, 2023",Texas,Houston,"2205 Hayes Rd",1,0,0,0,0,N/A
2649946,"July 6, 2023",Georgia,Atlanta,N/A,1,0,0,0,1,N/A
2641997,"July 2, 2023",Texas,Dallas,"8000 block of Rothington Rd",1,0,0,0,0,N/A
2635956,"June 26, 2023","South Carolina",Columbia,"1200 block of Rabon Pond Dr",1,0,0,0,0,N/A
2627649,"June 17, 2023",Virginia,Petersburg,"200 block of Juniper Rd",1,0,0,0,0,N/A
2669900,"May 29, 2023",Arkansas,"Hot Springs National Park (Hot Springs)","200 Springwood Rd",1,0,0,0,1,N/A
2608769,"May 25, 2023",Illinois,Matteson,"800 block of Campus Ave",1,1,0,0,1,N/A
2579517,"April 22, 2023",Texas,"Wichita Falls","2800 block of Featherston Ave",1,0,0,0,1,N/A
2571903,"April 14, 2023","North Carolina",Charlotte,"2500 block of O'Hara Dr",1,0,0,0,1,N/A
2516747,"February 1, 2023",Tennessee,Memphis,"4670 Chancellor Cove",1,0,0,0,1,N/A
2493027,"January 1, 2023",Texas,"Corpus Christi","6602 Everhart Rd",1,0,0,0,2,N/A
2488004,"December 24, 2022",Missouri,"Kansas City","7800 block of James A Reed Rd",1,0,0,0,0,N/A
2470805,"November 24, 2022","West Virginia","Pocahontas (county)",N/A,1,0,0,0,0,N/A
2464247,"November 20, 2022",Wisconsin,Berlin,N/A,1,0,0,0,0,N/A
2457463,"November 10, 2022",Florida,Miami,"665 Ives Dairy Rd",1,0,0,0,0,N/A
2451722,"November 2, 2022","North Carolina",Charlotte,"1900 Charleston Pl",1,0,0,0,0,N/A
2446485,"October 26, 2022",Illinois,Chicago,"2600 block of W Potomac Ave",1,0,0,0,2,N/A
2444759,"October 24, 2022",Illinois,Chicago,"3600 block of S Rhodes Ave",1,0,0,0,1,N/A
2439761,"October 12, 2022",Kentucky,Redfox,"325 Hale Branch Rd",1,0,0,0,0,N/A
2440387,"October 9, 2022",Georgia,Decatur,"Glen Hollow Cir",1,0,0,0,1,N/A
2424304,"September 25, 2022",Virginia,Suffolk,"200 block of Pine St",1,0,0,0,1,N/A
2424013,"September 25, 2022",Ohio,"Saint Clairsville","139 N Market St",1,0,0,0,0,N/A
2401464,"August 28, 2022",Hawaii,Hawi,"55-3478 Akoni Pule Hwy",1,0,0,0,0,N/A
2384050,"August 10, 2022",Virginia,Portsmouth,"2800 block of Deep Creek Blvd",1,0,0,0,1,N/A
2384523,"August 9, 2022",Texas,Granbury,"100 block of Abbey Park Ct",1,0,0,0,1,N/A
2382461,"August 6, 2022",Mississippi,Macon,"East St",1,0,0,0,0,N/A
2366931,"July 22, 2022",Florida,"Saint Petersburg","5800 Lynn Lake Dr S",1,0,0,0,0,N/A
2348347,"July 3, 2022",Iowa,Coralville,"929 Boston Way",1,0,0,0,0,N/A
2342174,"June 27, 2022",Kentucky,Louisville,"4700 block of E Pages Ln",1,0,0,0,0,N/A
2340972,"June 26, 2022",Texas,Dallas,"3500 block of Munger Ave",1,0,0,0,0,N/A
2322582,"June 6, 2022",Ohio,Cleveland,"1148 E 77th St",1,0,0,0,1,N/A
2321188,"June 4, 2022",Michigan,Detroit,"20290 block of Goulburn Ave",1,0,0,0,2,N/A
2303670,"May 16, 2022","New York",Bronx,"995 Westchester Ave",1,0,0,0,1,N/A
2295738,"May 5, 2022",Texas,Dallas,"2500 block of Fatima Ave",1,0,0,0,1,N/A
2286385,"April 24, 2022","South Carolina",Scranton,"396 S Glendale School Rd",1,0,0,0,2,N/A
2280526,"April 15, 2022",Minnesota,Minneapolis,"341 Hennepin Ave",1,0,0,0,0,N/A
2278104,"April 13, 2022",Nevada,Henderson,"103 Sicily Hills Ct",1,0,0,0,1,N/A
2278012,"April 12, 2022",Louisiana,"Baton Rouge","5100 block of Fairfields Ave",1,0,0,0,3,N/A
2264686,"March 28, 2022",Texas,Dallas,"9500 block of Timberleaf Dr",1,0,0,0,1,N/A
2254521,"March 15, 2022",Texas,Lubbock,"3600 block of Lehigh St",1,0,0,0,1,N/A
2239050,"February 19, 2022",Ohio,Lima,"1300 block of W Wayne St",1,0,0,0,0,N/A
2234293,"February 14, 2022",Texas,Houston,"2900 Woodridge Dr",1,0,0,0,1,N/A
2226010,"February 3, 2022",Georgia,Griffin,"1110 W Poplar St",1,0,0,0,1,N/A
2212218,"January 15, 2022",Wisconsin,Milwaukee,"1803 W Highland Ave",1,0,0,0,1,N/A
2195175,"December 22, 2021",Louisiana,Jeanerette,"1400 block of Main St",1,0,0,0,0,N/A
2190929,"December 11, 2021",Georgia,"Jasper (county)",N/A,1,0,0,0,0,N/A
2175762,"November 25, 2021",Minnesota,"Minneapolis (Brooklyn Park)","8000 block of Florida Ave",1,0,0,0,1,N/A
2175125,"November 25, 2021",Pennsylvania,Bally,"8500 block of Chestnut St",1,0,0,0,0,N/A
2173281,"November 22, 2021",Pennsylvania,Pittsburgh,"100 block of Prescott Dr",1,0,0,0,1,N/A
2172398,"November 21, 2021",Kentucky,Shelbyville,"72 Zelkova Dr",1,0,0,0,0,N/A
2166371,"November 13, 2021",Georgia,Atlanta,"2060 Alison Court SW",1,0,0,0,1,N/A
2167270,"November 13, 2021",Georgia,Nashville,"300 block of JD Nichols Rd",1,1,0,0,0,N/A
2161546,"November 7, 2021","South Carolina",Greenville,"Staunton Bridge Rd",1,1,0,0,1,N/A
2152151,"October 26, 2021",Alabama,Greensboro,"Balsa Ave",1,0,0,0,0,N/A
2128369,"September 28, 2021",Wisconsin,"Madison (Fitchburg)","5100 block of Curry Ct",1,0,0,0,1,N/A
2118593,"September 17, 2021",Kansas,Lawrence,"1500 block of Wedgewood Dr",1,0,0,0,1,N/A
2107882,"September 3, 2021","North Carolina","Winston Salem (Winston-salem)","100 Block of Martindale Rd",1,0,0,0,1,N/A
2101870,"August 27, 2021",Tennessee,Memphis,"3513 Boxtown Rd",1,0,0,0,0,N/A
2101524,"August 27, 2021",Tennessee,Memphis,"1300 block of Timothy Dr",1,0,0,0,1,N/A
2101044,"August 26, 2021",Mississippi,Canton,"Franklin St and Canal St",2,1,0,0,0,N/A
2067698,"July 18, 2021",Tennessee,Westmoreland,"Fairfield Rd",1,0,0,0,0,N/A
2061324,"July 12, 2021",Tennessee,Memphis,"5587 Berryman Dr",1,0,0,0,0,N/A
2059286,"July 9, 2021",Utah,"Heber City","2790 N Commons Blvd",1,0,0,0,1,N/A
2057472,"July 8, 2021",Mississippi,Jackson,"Coronet Pl and Cummins St",1,0,0,0,0,N/A
2055926,"July 7, 2021",Tennessee,Goodlettsville,"100 block of Elizabeth Ct",1,0,0,0,0,N/A
2050257,"July 1, 2021",Ohio,Columbus,"462 S Eureka Ave",1,0,0,0,0,N/A
2044225,"June 24, 2021",Michigan,Kalamazoo,"1100 block of Lake St",1,0,0,0,0,N/A
2007416,"May 17, 2021",Minnesota,Minneapolis,"N 35th Ave and Penn Ave N",1,1,0,0,0,N/A
1997489,"May 7, 2021",Florida,Pensacola,"4101 W Navy Blvd",1,0,0,0,1,N/A
1988688,"April 27, 2021",Virginia,Richmond,"4000 Midlothian Turnpike",2,3,0,0,5,N/A
1987107,"April 25, 2021",Washington,"Federal Way","27900 block of Pacific Hwy S",1,0,0,0,1,N/A
1975927,"April 12, 2021",Tennessee,Nashville,"25th Ave N and Dowlan St",1,2,0,1,2,N/A
1973985,"April 10, 2021",Connecticut,Hartford,"182 Nelson St",1,0,0,0,2,N/A
1962820,"March 26, 2021",Ohio,Columbiana,"300 block of Quincy Ave",1,0,0,0,0,N/A
1957701,"March 20, 2021",Louisiana,Shreveport,"4911 Monkhouse Dr",1,1,0,0,1,N/A
1946173,"March 6, 2021",Ohio,Nelsonville,"Walnut St",1,0,0,0,1,N/A
1947131,"March 6, 2021","New Mexico","Los Lunas","W Brazaro and Carmel Rd",1,0,0,0,3,N/A
1942559,"March 1, 2021",Illinois,Chicago,"100 block of W 127th St",1,1,0,0,0,N/A
1940665,"February 27, 2021",Washington,Othello,"300 block of Hamlet St",1,0,0,0,1,N/A
1943056,"February 26, 2021",Texas,"El Paso","1925 Detroit Ave",1,0,0,0,0,N/A
1936985,"February 23, 2021",Tennessee,"Grand Junction","Pearl Rd",1,0,0,0,1,N/A
1928896,"February 13, 2021",Alabama,Tuskegee,"508 Pleasant Springs Dr",1,0,0,0,3,N/A
1923224,"February 6, 2021","North Carolina",Hollister,"Bobolink Trl",1,0,0,0,0,N/A
1920755,"February 3, 2021",Pennsylvania,"Kingston (Edwardsville)","Tobin Ln and Francis St",1,0,0,0,0,N/A
1903678,"January 16, 2021",Louisiana,"Saint Rose","300 block of Mockingbird Ln",1,0,0,0,0,N/A
1895241,"January 4, 2021",Tennessee,Memphis,"2240 Howell Ave",1,0,0,0,1,N/A
1892088,"January 1, 2021",Texas,Arlington,"700 block of Washington Dr",1,0,0,0,1,N/A
1883818,"December 21, 2020",Georgia,Atlanta,"3440 Peachtree Rd",1,0,0,0,1,N/A
1879827,"December 16, 2020",Nevada,"Las Vegas","1300 block of S Arlington St",1,0,0,0,1,N/A
1879707,"December 15, 2020",Idaho,Castleford,N/A,1,0,0,0,0,N/A
1878564,"December 15, 2020",Michigan,Canton,"41000 block of Old Michigan Ave",1,0,0,0,1,N/A
1877224,"December 14, 2020",Florida,Cocoa,"1671 Owosso St",1,0,0,0,1,N/A
1861379,"November 24, 2020",Texas,Forney,"2100 block of Juniper Dr",1,1,0,0,1,N/A
1855833,"November 18, 2020",Nevada,Elko,N/A,1,0,0,0,0,N/A
1855978,"November 18, 2020",Texas,Texarkana,"600 block of Warren Thomas Rd",1,0,0,0,0,N/A
1852963,"November 13, 2020",Minnesota,"Saint Cloud","800 block of 10th Ave N",1,0,0,0,1,N/A
1838373,"October 30, 2020","North Carolina",Concord,"1080 Ramsgate Dr SW",1,0,0,0,0,N/A
1834122,"October 25, 2020",Kentucky,Louisville,"2000 block of W Main St",1,0,0,0,0,N/A
1832062,"October 22, 2020",Indiana,"East Chicago","4522 Magoun Ave",1,0,0,0,0,N/A
1824291,"October 14, 2020",Ohio,Republic,"5508 N TR 175",1,0,0,0,0,N/A
1817371,"October 7, 2020",Illinois,Chicago,"1500 block of N Lorel Ave",1,0,0,0,0,N/A
1794861,"September 13, 2020",Michigan,"Algonac (Clay Township)","6300 block of Benoit Rd",1,1,0,0,1,N/A
1790483,"September 9, 2020","North Carolina",Charlotte,"6000 block of Elgywood Lane",1,0,0,0,1,N/A
1787827,"September 7, 2020",Illinois,Chicago,"W 47th St and S Union Ave",1,2,0,0,0,N/A
1779307,"August 29, 2020",Indiana,"South Bend","800 block of E Donald St",1,0,0,0,1,N/A
1778536,"August 28, 2020",Indiana,Evansville,"3900 block of Vista Dr",1,0,0,0,1,N/A
1774108,"August 24, 2020",Pennsylvania,Pittsburgh,"125 Rhine Pl",1,0,0,0,3,N/A
1817395,"August 19, 2020",Colorado,Aurora,"16200 block of E 17th Ave",1,0,0,0,1,N/A
1762990,"August 12, 2020",Ohio,Columbus,"332  N Monroe Ave",1,0,0,0,1,N/A
1757373,"August 6, 2020",Connecticut,"New Haven","630 Howard Ave",1,0,0,0,0,N/A
1752828,"August 1, 2020",Pennsylvania,Philadelphia,"200 block of Simpson St",1,0,0,0,3,N/A
1751677,"July 31, 2020",Illinois,Chicago,"900 block of N Cambridge Ave",1,0,0,0,1,N/A
1750109,"July 29, 2020",Indiana,Hammond,"3300 block of Craig Dr",1,0,0,0,0,N/A
1742859,"July 22, 2020",Michigan,Warren,"21516 Dequindre Rd",1,0,0,0,1,N/A
1742026,"July 21, 2020",Wisconsin,Milwaukee,"6600 block of N 105th St",1,0,0,0,1,N/A
1740578,"July 20, 2020",Texas,Arlington,"4100 block of Maple Springs Dr",1,1,0,0,0,N/A
1737194,"July 16, 2020",Colorado,"Commerce City","7800 block of Jasmine Dr",1,0,0,0,0,N/A
1736040,"July 15, 2020",Missouri,"Saint Louis","5000 block of S Broadway",1,0,0,0,1,N/A
1725743,"July 4, 2020",California,"San Francisco","1200 block of Ingalls St",1,1,0,0,2,N/A
1724737,"July 4, 2020",Illinois,Chicago,"152 N Latrobe Ave",1,1,0,0,3,N/A
1722608,"July 2, 2020",Florida,"Fort Lauderdale","1500 block of NW Second Ave",1,0,0,0,0,N/A
1718981,"June 27, 2020",Illinois,Chicago,"3500 block of W Dickens Ave",1,0,0,0,0,N/A
1718444,"June 26, 2020",Missouri,"Saint Louis (Berkeley)","Jefferson Ave and Airport Rd",1,0,0,0,1,N/A
1718645,"June 26, 2020","West Virginia",Cottageville,N/A,1,0,0,1,1,N/A
1712143,"June 20, 2020",Ohio,Lima,"1200 block of Virginia Ave",1,0,0,0,0,N/A
1711149,"June 18, 2020",Texas,"El Paso","700 block of Ascension Rd",1,0,0,0,1,N/A
1705419,"June 14, 2020",Kansas,"Junction City","Clarks Creek Rd",1,0,0,0,0,N/A
1701717,"June 9, 2020","North Carolina",Burgaw,N/A,1,0,0,0,0,N/A
1670035,"May 1, 2020",Alabama,Pinson,"9100 block of Cedar Mountain Rd",1,1,0,0,1,N/A
1664724,"April 23, 2020",Mississippi,Senatobia,"1000 block of N Crockett Rd",1,0,0,0,0,N/A
1663620,"April 20, 2020",Pennsylvania,Philadelphia,"2900 block of Secane Dr",1,0,0,0,3,N/A
1657394,"April 11, 2020",Georgia,Conley,"1600 Block of Lamont Ave",1,1,0,0,1,N/A
1657017,"April 11, 2020",Tennessee,Memphis,"820 Par Ave",1,0,0,0,2,N/A
1653288,"April 6, 2020",Florida,Jacksonville,"10300 Block of Monaco Dr",1,0,0,0,5,N/A
1652874,"April 5, 2020",Pennsylvania,Chester,"2600 block of Swarts St",1,0,0,0,0,N/A
1649813,"March 31, 2020",Indiana,Indianapolis,"3200 block of N Tacoma Ave",1,0,0,0,0,N/A
1639222,"March 13, 2020",Tennessee,Memphis,"650 Gallan Dr",1,0,0,0,2,N/A
1622731,"February 16, 2020",Tennessee,Memphis,"1984 Bonnie Dr",1,0,0,0,1,N/A
1617744,"February 9, 2020",Pennsylvania,Pittsburgh,"258 E Warrington Ave",1,0,0,0,1,N/A
1616774,"February 7, 2020",Louisiana,Shreveport,"3900 block of Merwin St",1,0,0,0,1,N/A
1611420,"February 1, 2020",Virginia,Richmond,"1700 block of Southlawn Ave",1,0,0,0,0,N/A
1600999,"January 19, 2020",Tennessee,Memphis,"Josephine St and Carnes Ave",1,0,0,0,1,N/A
1601442,"January 19, 2020",Indiana,Bloomington,"1297 E Zinnia Dr",1,0,0,1,0,N/A
1586315,"January 1, 2020","South Carolina",Walterboro,"Barracada Rd",2,0,0,0,1,N/A
1580278,"December 24, 2019",Alabama,Monroeville,"Co Rd 42",1,0,0,0,1,N/A
1572059,"December 14, 2019",Ohio,Sandusky,"5000 block of Memphis Ave",1,0,0,0,1,N/A
1567437,"December 8, 2019",Tennessee,Memphis,"397 Delta Rd",1,0,0,0,1,N/A
1560553,"November 28, 2019","South Carolina",Springfield,N/A,1,0,0,0,0,N/A
1551098,"November 16, 2019","South Carolina",Pickens,"Shady Grove Rd",1,0,0,0,0,N/A
1546480,"November 11, 2019",Pennsylvania,Philadelphia,"5700 block of Haddington Ln",1,0,0,0,1,N/A
1520107,"October 5, 2019",Alabama,Opp,N/A,1,0,0,0,0,N/A
1487550,"August 24, 2019",Florida,"Daytona Beach","212 S Keech St",1,0,0,0,0,N/A
1482469,"August 17, 2019",Oklahoma,Clinton,"14th St and Dunn Ave",1,0,0,0,0,N/A
1481415,"August 16, 2019",Alabama,Montgomery,"Coronet Drive",1,0,0,0,1,N/A
1479182,"August 14, 2019",Texas,Dallas,"3535 Munger Ave",1,0,0,0,2,N/A
1465536,"August 1, 2019",Montana,Toston,"Crow Creek Rd",1,0,0,0,1,N/A
1419431,"June 10, 2019","South Carolina","North Charleston","2800 block of Ranger Drive",1,0,0,0,1,N/A
1418818,"June 9, 2019",Idaho,Montpelier,"US Hwy 30",1,0,0,0,1,N/A
1405954,"May 26, 2019",Virginia,Richmond,"2813 Bainbridge St",1,2,0,0,3,N/A
1385486,"May 2, 2019",Texas,Lufkin,N/A,1,0,0,0,0,N/A
1354026,"March 22, 2019","North Carolina",Fayetteville,"3100 Cricket Rd",1,0,0,0,1,N/A
1326968,"February 13, 2019",Louisiana,Marrero,"2000 block of Rue Racine",1,0,0,0,1,N/A
1323697,"February 9, 2019",Mississippi,Saucier,"Riceville Rd and McHenry Rd",2,0,0,0,0,N/A
1318461,"February 3, 2019",Georgia,Harlem,"1407 Country Woods Ln",1,0,0,0,0,N/A
1308241,"January 21, 2019",Virginia,"Hanover (Mangohick)","100 block of Robin Ln",1,0,0,0,2,N/A
1308718,"January 19, 2019",Texas,Temple,"4700 block of Midway Dr",1,0,1,0,0,N/A
1301688,"January 13, 2019",Alabama,Orrville,N/A,1,0,0,0,0,N/A
1299668,"January 12, 2019",Louisiana,"New Orleans","6780 Bundy Rd",1,0,0,0,1,N/A
1278778,"December 14, 2018",Missouri,Florissant,"13 Holly Ln",1,0,0,0,0,N/A
1259582,"November 17, 2018",Arkansas,Lamar,"Cabin Creek Ave",1,0,0,0,0,N/A
1226144,"September 30, 2018",Tennessee,Memphis,"800 block of N Highland St",1,0,0,1,1,N/A
1182786,"August 4, 2018",Tennessee,"Big Rock","400 block of Highway 120",1,0,0,0,0,N/A
1165420,"July 17, 2018","New Jersey",Bridgeton,"17 Elmer St",1,0,0,0,2,N/A
1163406,"July 13, 2018",Indiana,Salem,"5000 block of S PD Baker Rd",1,0,0,0,0,N/A
1157671,"July 5, 2018",Louisiana,Chalmette,"500 block of Pierre St",1,0,0,0,0,N/A
1133365,"June 4, 2018",Ohio,Dayton,"2500 block of Wheeler Ave",1,0,0,0,1,N/A
1096402,"April 20, 2018",Ohio,Wickliffe,"28611 Euclid Avenue",1,0,0,0,0,N/A
1068059,"March 12, 2018",Louisiana,"Lake Providence","300 Church Street",1,0,0,0,0,N/A
1036936,"January 26, 2018",Florida,Marianna,"Townhouse Rd",1,0,0,0,1,N/A
1031762,"January 20, 2018",California,Compton,"2876 W Alondra Blvd",1,0,0,0,2,N/A
1005355,"December 10, 2017",Utah,"Roosevelt (Ballard)",N/A,1,0,0,0,0,N/A
958930,"October 14, 2017",Illinois,Decatur,"1400 block of E Wellington Way",1,0,0,0,1,N/A
955387,"October 6, 2017",Arkansas,Helena,"300 block of Dinan St",1,0,0,0,1,N/A
946160,"October 1, 2017",Georgia,Augusta,"2300 Block of Barton Chapel Rd",1,0,0,0,1,N/A
940191,"September 23, 2017",Missouri,Salem,"CR 621",1,0,0,0,0,N/A
933616,"September 15, 2017","South Carolina",Hartsville,"Folly Rd",1,0,0,0,2,N/A
906573,"August 4, 2017",Mississippi,Gulfport,"3600 block of Sabine Street",1,0,0,0,1,N/A
903883,"August 1, 2017",Montana,Helena,"246 Hope Road",1,0,0,0,0,N/A
902860,"July 29, 2017",Missouri,Miller,N/A,1,0,0,0,0,N/A
896934,"July 23, 2017",Missouri,"Saint Louis","1400 block of Kealty Ln",1,0,0,0,0,N/A
876396,"June 26, 2017",Alabama,Montgomery,"1714 Coral Ln",1,1,0,0,1,N/A
864644,"June 10, 2017",Indiana,Hobart,"100 block of E 10th Ave",1,0,0,0,1,N/A
867772,"June 8, 2017",Mississippi,Monticello,"88 Mt Olive Rd",1,0,0,0,0,N/A
848870,"May 21, 2017",Kentucky,Louisville,"2100 block of W Madison St",1,0,0,0,1,N/A
840898,"May 11, 2017",Indiana,"East Chicago","3500 block of Guthrie St",1,0,0,0,1,N/A
804472,"March 26, 2017",Oklahoma,Ochelata,"North 3950 Road",1,0,0,0,0,N/A
803063,"March 25, 2017","North Carolina","High Point","1301 Filbert Place",1,0,0,0,0,N/A
784770,"February 27, 2017",Arkansas,Beebe,"South Cypress Street",1,0,0,0,1,N/A
772760,"February 11, 2017",Illinois,Chicago,"6500 block of S King Dr",1,0,0,0,1,N/A
766483,"February 2, 2017",Idaho,Peck,"22400 block of Big Canyon Road",1,0,0,0,0,N/A
750092,"January 13, 2017",Missouri,Carthage,"1054 James Street",1,0,0,0,0,N/A
744789,"January 6, 2017",Tennessee,Jackson,"220 Vann Dr",1,0,0,0,0,N/A
739459,"January 1, 2017",Alabama,Athens,"16931 Buckskin Drive",1,0,0,0,1,N/A
755970,"December 31, 2016","New Jersey",Stratford,"Union Ave",1,0,0,0,1,N/A
699070,"November 12, 2016",Colorado,"Grand Junction (Fruitvale)","3060 Sandpiper Avenue",1,0,0,0,1,N/A
693186,"November 4, 2016",Kansas,"Kansas City","7569 State Avenue",1,0,0,0,0,N/A
677475,"October 16, 2016",Nevada,"Las Vegas","4200 block of Studio St",1,0,0,0,0,N/A
657926,"September 18, 2016",Florida,Tampa,"6727 S. Lois Ave.",1,0,0,0,0,N/A
645796,"September 1, 2016","South Carolina",Columbia,"228 Meredith Square",1,1,0,1,1,N/A
638622,"August 25, 2016",Tennessee,Parrottsville,"1496 Shenandoah Way",1,0,0,0,0,N/A
633039,"August 18, 2016",Montana,Belgrade,"1005 Cardinal Dr",1,0,0,0,0,N/A
631695,"August 14, 2016",Iowa,Garner,"2194 Sioux Ave",1,0,0,0,0,N/A
629096,"August 13, 2016",Virginia,Danville,"800 block of Edmonds Street",1,0,0,0,0,N/A
624733,"August 8, 2016",Tennessee,Hendersonville,"118 Shady View Drive",1,0,0,0,1,N/A
618297,"July 31, 2016",Alabama,"Birmingham (Homewood)","1301 Lakeshore Dr.",1,0,0,0,1,N/A
571874,"June 3, 2016",Colorado,Aurora,"1575 Galena Street",1,0,0,0,1,N/A
541769,"April 16, 2016",Pennsylvania,Philadelphia,"200 block of E. Mayfield Street",1,0,0,0,1,N/A
515064,"February 21, 2016",Florida,Fountain,"11601 Nonawood Road",1,0,0,0,1,N/A
506467,"February 16, 2016",Texas,Lubbock,"2538 71st St",1,0,0,0,0,N/A
482388,"January 9, 2016",Kentucky,Louisville,"400 block of N. 34th Street",1,0,0,0,1,N/A
454770,"November 28, 2015","New York",Rome,"519 West Dominick",1,0,0,0,1,N/A
428562,"October 10, 2015",Utah,Hyrum,N/A,1,0,0,0,0,N/A
405666,"September 1, 2015",Pennsylvania,Pittsburgh,"1600 block of Sandusky Ct",1,0,0,0,1,N/A
358722,"June 13, 2015",Texas,Decatur,"3695 Co Rd 4010",1,0,0,0,1,N/A
331663,"April 29, 2015",Georgia,Augusta,"1200 block of Holden Dr",1,0,0,0,1,N/A
576139,"March 19, 2015",Texas,Houston,"14425 Alief Clodine Rd",1,0,0,0,0,N/A
226407,"November 28, 2014",Texas,Childress,N/A,1,0,0,0,0,N/A
196689,"September 25, 2014",Pennsylvania,Saltsburg,"2482 Elders Ridge Rd",1,0,0,0,0,N/A
829413,"August 1, 2014",Maryland,Baltimore,"3600 block of Old York Rd",1,2,0,0,1,N/A
122208,"April 4, 2014",Georgia,Waycross,"4900 Jana Ln",1,0,0,0,0,N/A
121629,"April 3, 2014",Oklahoma,Bokoshe,"Buck Creek Rd",1,0,0,0,0,N/A
108727,"February 20, 2014",Georgia,Guyton,"1000 block of Zittrouer Rd",1,0,0,0,0,N/A